{"project":"libtopotoolbox","timestamp":1773233036.422916,"commit":"7b2fe171af9d686fb9996b4631e6103079431fa5","metrics":{"configure":7.68,"build":8.66,"test":6.40}}
{"project":"libtopotoolbox","timestamp":1773233574.890701,"commit":"81189353d6d0fdbcecaaf0d8a6caf39e114452ea","metrics":{"configure":9.18,"build":16.46,"test":19.40}}
{"project":"libtopotoolbox","timestamp":1773324308.789137,"commit":"092476c871631751748d9af9835308bbc30d7807","metrics":{"configure":20.72,"build":45.62,"test":23.56}}
{"project":"libtopotoolbox","timestamp":1773661656.217286,"commit":"2f7f08b7f7768736ad0235545b9f8a401259395c","metrics":{"configure":9.35,"build":10.16,"test":20.05}}
{"project":"libtopotoolbox","timestamp":1775135092.966759,"commit":"3cdbf9a97c34dc91c58aef30e5d3b8c0eac1a4aa","metrics":{"configure":8.05,"build":12.31,"test":19.75}}
